id,foodgroup,shortdescrip,descrip,commonname,mfgname,scientificname,energy_kcal,protein_g,fat_g,carb_g,sugar_g,fiber_g,vita_mcg,vitb6_mg,vitb12_mcg,vitc_mg,vite_mg,folate_mcg,niacin_mg,riboflavin_mg,thiamin_mg,calcium_mg,copper_mcg,iron_mg,magnesium_mg,manganese_mg,phosphorus_mg,selenium_mcg,zinc_mg,vita_usrda,vitb6_usrda,vitb12_usrda,vitc_usrda,vite_usrda,folate_usrda,niacin_usrda,riboflavin_usrda,thiamin_usrda,calcium_usrda,copper_usrda,magnesium_usrda,phosphorus_usrda,selenium_usrda,zinc_usrda
10109,Pork Products,"PORK,FRSH,VAR MEATS&BY-PRODUCTS,LEAF FAT,RAW","Pork, fresh, variety meats and by-products, leaf fat, raw",,,,857.0,1.76,94.16,0.0,0.0,0.0,0.0,0.03,0.23,0.0,0.0,0.0,1.249,0.065,0.106,1.0,0.009,0.09,1.0,0.001,19.0,8.0,0.18,0.0,0.01764705882352941,0.09583333333333334,0.0,0.0,0.0,0.0780625,0.05,0.08833333333333333,0.0008333333333333334,0.000009999999999999999,0.002380952380952381,0.027142857142857142,0.14545454545454545,0.01636363636363636
10105,Pork Products,"PORK,FRSH,VAR MEATS&BY-PRODUCTS,JOWL,RAW","Pork, fresh, variety meats and by-products, jowl, raw",,,,655.0,6.38,69.61,0.0,0.0,0.0,3.0,0.09,0.82,0.0,0.29,1.0,4.535,0.236,0.386,4.0,0.04,0.42,3.0,0.005,86.0,1.5,0.84,0.0033333333333333335,0.052941176470588235,0.3416666666666667,0.0,0.01933333333333333,0.0025,0.2834375,0.1815384615384615,0.3216666666666667,0.0033333333333333335,0.000044444444444444447,0.007142857142857143,0.12285714285714286,0.02727272727272727,0.07636363636363636
10175,Pork Products,"PORK,FRSH,VAR MEATS&BY-PRODUCTS,TAIL,CKD,SIMMRD","Pork, fresh, variety meats and by-products, tail, cooked, simmered",,,,396.0,17.0,35.8,0.0,0.0,0.0,0.0,0.27,0.55,0.0,0.0,4.0,1.12,0.07,0.07,14.0,0.067,0.79,7.0,0.006,47.0,3.1,1.64,0.0,0.15882352941176472,0.22916666666666669,0.0,0.0,0.01,0.07,0.05384615384615385,0.05833333333333334,0.011666666666666667,0.00007444444444444444,0.016666666666666666,0.06714285714285714,0.056363636363636366,0.14909090909090908
10174,Pork Products,"PORK,FRSH,VAR MEATS&BY-PRODUCTS,TAIL,RAW","Pork, fresh, variety meats and by-products, tail, raw",,,,378.0,17.75,33.5,0.0,0.0,0.0,0.0,0.37,0.88,0.0,0.0,5.0,2.06,0.11,0.21,18.0,0.084,0.99,8.0,0.011,50.0,2.7,2.31,0.0,0.21764705882352942,0.3666666666666667,0.0,0.0,0.0125,0.12875,0.0846153846153846,0.175,0.015,0.00009333333333333334,0.01904761904761905,0.07142857142857142,0.049090909090909095,0.21
