id,foodgroup,shortdescrip,descrip,commonname,mfgname,scientificname,energy_kcal,protein_g,fat_g,carb_g,sugar_g,fiber_g,vita_mcg,vitb6_mg,vitb12_mcg,vitc_mg,vite_mg,folate_mcg,niacin_mg,riboflavin_mg,thiamin_mg,calcium_mg,copper_mcg,iron_mg,magnesium_mg,manganese_mg,phosphorus_mg,selenium_mcg,zinc_mg,vita_usrda,vitb6_usrda,vitb12_usrda,vitc_usrda,vite_usrda,folate_usrda,niacin_usrda,riboflavin_usrda,thiamin_usrda,calcium_usrda,copper_usrda,magnesium_usrda,phosphorus_usrda,selenium_usrda,zinc_usrda
5715,Poultry Products,"TURKEY,SKN,FROM RTL PARTS,FROM DK MEAT,CKD,RSTD","Turkey, skin, from retail parts, from dark meat, cooked, roasted",,,,414.0,24.58,35.03,0.0,0.0,0.0,59.0,0.287,1.85,0.0,0.13,0.0,5.4,0.235,0.046,6.0,0.057,1.65,24.0,0.009,230.0,20.2,1.65,0.06555555555555556,0.1688235294117647,0.7708333333333334,0.0,0.008666666666666666,0.0,0.3375,0.18076923076923077,0.03833333333333334,0.005,0.00006333333333333333,0.05714285714285714,0.32857142857142857,0.36727272727272725,0.15
5139,Poultry Products,"DUCK,DOMESTICATED,MEAT&SKN,RAW","Duck, domesticated, meat and skin, raw",,,Anas platyrhynchos,404.0,11.49,39.34,0.0,0.0,0.0,50.0,0.19,0.25,2.8,0.7,13.0,3.934,0.21,0.197,11.0,0.236,2.4,15.0,0.017,139.0,12.4,1.36,0.05555555555555555,0.11176470588235295,0.10416666666666667,0.03111111111111111,0.04666666666666666,0.0325,0.245875,0.16153846153846152,0.16416666666666668,0.009166666666666667,0.00026222222222222223,0.03571428571428571,0.19857142857142857,0.22545454545454546,0.12363636363636364
5714,Poultry Products,"TURKEY,SKN,FROM RTL PARTS,FROM DK MEAT,RAW","Turkey, skin, from retail parts, from dark meat, raw",,,,380.0,14.35,35.83,0.0,0.0,0.0,79.0,0.114,1.95,0.0,0.08,0.0,2.745,0.08,0.026,4.0,0.041,0.76,7.0,0.003,80.0,11.2,0.88,0.08777777777777777,0.06705882352941177,0.8125,0.0,0.005333333333333333,0.0,0.1715625,0.061538461538461535,0.021666666666666667,0.0033333333333333335,0.00004555555555555556,0.016666666666666666,0.11428571428571428,0.20363636363636362,0.08
5146,Poultry Products,"GOOSE,DOMESTICATED,MEAT&SKN,RAW","Goose, domesticated, meat and skin, raw",,,Anser anser,371.0,15.86,33.62,0.0,0.0,0.0,17.0,0.39,0.34,4.2,0.0,4.0,3.608,0.245,0.085,12.0,0.27,2.5,18.0,0.02,234.0,14.4,1.72,0.01888888888888889,0.22941176470588237,0.1416666666666667,0.04666666666666667,0.0,0.01,0.2255,0.18846153846153846,0.07083333333333335,0.01,0.00030000000000000003,0.04285714285714286,0.3342857142857143,0.26181818181818184,0.15636363636363637
